Modelo,Acuracia,F1_Macro,F1_Weighted
CNN do Zero,0.716,0.7142041632740705,0.7142041632740708
ResNet18 (Transfer Learning),0.84,0.841805691068896,0.8418056910688962
